<?xml version="1.0" encoding="UTF-8"?>
<!DOCTYPE hibernate-configuration PUBLIC
		"-//Hibernate/Hibernate Configuration DTD 3.0//EN"
		"http://www.hibernate.org/dtd/hibernate-configuration-3.0.dtd">
<hibernate-configuration>
	<session-factory>
		<property name="hibernate.connection.driver_class">com.mysql.jdbc.Driver</property>
		<property name="hibernate.connection.password">apple</property>
		<property name="hibernate.connection.url">jdbc:mysql://localhost:3306/SM_Hibernate_1</property>
		<property name="hibernate.connection.username">root</property>
		<property name="show_sql">true</property>
		<property name="hibernate.id.new_generator_mappings">false</property>
		<mapping class="com.bpsheet.rollback.bo.AuditBO" />
		<mapping class="com.bpsheet.rollback.bo.ComponentBO" />
		<mapping class="com.bpsheet.rollback.bo.FunctionsBO" />
		<mapping class="com.bpsheet.rollback.bo.GroupsBO" />
		<mapping class="com.bpsheet.rollback.bo.MenusBO" />
		<mapping class="com.bpsheet.rollback.bo.PageBO" />
		<mapping class="com.bpsheet.rollback.bo.ProcessBO" />
		<mapping class="com.bpsheet.rollback.bo.DisplayObjectsBO" />
		<mapping class="com.bpsheet.rollback.bo.ServicesBO" />
		<mapping class="com.bpsheet.rollback.bo.ViewsBO" />
	</session-factory>
</hibernate-configuration>
